{
    "BFS": {
        "reward": 100.0,
        "steps": 100,
        "time": 140.23139095306396
    },
    "Focused": {
        "reward": 100.0,
        "steps": 100,
        "time": 134.9911503791809
    },
    "RL (1 Ep)": {
        "reward": 6.0,
        "steps": 6,
        "time": 12.51746678352356
    }
}