{
    "BFS": {
        "reward": 951.9,
        "steps": 100,
        "time": 128.87753796577454,
        "bandwidth_MB": 101.12421226501465
    },
    "Focused": {
        "reward": 951.9,
        "steps": 100,
        "time": 109.34460949897766,
        "bandwidth_MB": 102.78875255584717
    },
    "RL (1 Ep)": {
        "reward": 835.5999999999999,
        "steps": 100,
        "time": 208.45332384109497,
        "bandwidth_MB": 95.16677379608154
    }
}