{
    "BFS": {
        "reward": 935.9,
        "steps": 100,
        "time": 60.33659553527832,
        "bandwidth_MB": 103.87000560760498
    },
    "Focused": {
        "reward": 941.9,
        "steps": 100,
        "time": 55.8319411277771,
        "bandwidth_MB": 103.92223358154297
    },
    "RL (1 Ep)": {
        "reward": 1412.85,
        "steps": 100,
        "time": 113.67551136016846,
        "bandwidth_MB": 92.22562217712402
    }
}